{"cameraMode":{"drawMode":0,"name":"Shaded","section":"Shading Mode"},"sceneLighting":false,"audioPlay":false,"sceneViewState":{"showFog":true,"showMaterialUpdate":false,"showSkybox":false,"showFlares":true,"showImageEffects":true,"showParticleSystems":true},"in2DMode":false,"pivot":{"x":-0.0008660554885864258,"y":-0.315390408039093,"z":-0.0008807182312011719},"rotation":{"x":0.44485577940940859,"y":-0.04780079051852226,"z":0.02378869615495205,"w":0.8940092921257019},"size":7.703972816467285,"orthographic":false}